entry,TGW_BLUP,GW_BLUP,GL_BLUP,SPS_BLUP,HD_BLUP,HT_BLUP,GFD_BLUP,Phenoype_TGW,Phenotype_GW,chr5AS_consensus,KASP_341510829
7-1201-10-14-2-14,32.27785838,3.119811893,6.784242426,13.97766138,172.16756,73.59257817,28.88367112,W7984,W7984,absent,W7984
7-1201-10-15-2-31,40.69321892,3.379061911,7.109863682,12.99807891,172.4078166,72.81662376,29.12826766,Opata,Opata,present,Opata
7-1201-10-36-2-04,40.23310284,3.40680272,6.899008569,13.40672845,172.4078166,71.17239544,29.47588243,Opata,Opata,present,Opata
7-1201-10-36-2-10,34.14161694,3.120893022,6.674796892,13.30010808,172.8883297,68.68390577,29.63563229,W7984,W7984,absent,W7984
7-1201-10-36-2-18,33.16118768,3.106482053,6.568776118,13.62467487,172.4078166,72.3864889,29.13129625,W7984,W7984,absent,W7984
7-1201-10-36-2-25,39.42721725,3.36947917,6.847135691,13.15262276,173.3688429,69.71280613,30.10665382,Opata,Opata,present,Opata
7-1201-10-43-2-03,38.52362372,3.353557142,6.6799645,13.72316684,173.1880806,71.28139081,29.91448789,Opata,Opata,present,Opata
7-1201-10-43-2-04,36.71245476,3.302350836,6.553058918,13.93611543,174.8103824,67.85295629,31.55454721,Opata,Opata,present,Opata
7-1201-10-43-2-12,34.93482971,3.23579766,6.453967884,13.9795687,174.1367821,67.76771562,30.88405398,Opata,Opata,present,Opata
7-1201-10-43-2-16,37.63250296,3.327334076,6.679575884,13.6415942,172.5556129,69.69658233,29.29667159,Opata,Opata,present,Opata
7-1201-10-43-2-20,37.1461348,3.361033159,6.583960063,13.65872589,172.8718467,73.36593182,29.58465708,Opata,Opata,present,Opata
7-1201-10-43-2-22,36.25169323,3.310297227,6.497606265,14.035838,172.5556129,69.97057711,29.29467896,Opata,Opata,present,Opata
7-1201-10-45-2-01,31.02221815,3.072279037,6.550478117,13.59625514,172.16756,67.78575753,28.9245571,W7984,W7984,absent,W7984
7-1201-10-45-2-23,30.52706997,3.011158345,6.415469198,13.66789267,172.8883297,62.87708513,29.67651826,W7984,W7984,absent,W7984
7-1201-10-45-2-43,35.95289306,3.280871546,6.569364104,14.09153446,174.239347,64.89483468,31.00587502,Opata,Opata,present,Opata
7-1201-10-45-2-61,37.93718792,3.375437669,6.814576012,13.13194257,171.9273034,71.57265597,28.65876042,Opata,Opata,present,Opata
7-1201-10-72-1-05,31.69128946,3.101229355,6.547656816,13.33924502,171.9231452,72.76968521,28.64498051,W7984,W7984,absent,W7984
7-1201-10-72-1-08,31.91874943,3.111800019,6.532290277,13.44554746,170.9744437,69.43349074,27.72523028,W7984,W7984,absent,W7984
7-1201-10-72-1-18,31.17069939,3.073605554,6.513264267,13.6244625,172.239379,68.7671807,28.98875976,W7984,W7984,absent,W7984
7-1201-10-72-1-29,30.46847541,3.050091304,6.555994426,13.23973936,171.6870468,74.49928469,28.39902093,W7984,W7984,absent,W7984
7-1201-10-72-1-30,32.03497755,3.130319042,6.525327567,13.23917874,170.6582098,70.14805783,27.40536264,W7984,W7984,absent,W7984
7-1201-4-27-1-26,40.49125784,3.423460487,7.045495917,13.5411887,171.5080768,71.73234659,28.25605028,Opata,Opata,present,Opata
7-1201-4-27-1-30,32.18894381,3.131742756,6.643059486,12.86190367,170.4024766,66.9294154,27.18977606,W7984,W7984,absent,W7984
7-1201-4-29-1-07,31.32642717,3.08060719,6.603408369,13.36224982,173.9106426,68.70428599,30.66870117,W7984,W7984,absent,W7984
7-1201-4-29-1-10,30.33519602,3.048627861,6.534081449,13.48955037,174.8716689,68.6114124,31.62588719,W7984,W7984,absent,W7984
7-1201-4-29-1-15,30.02945269,3.059246566,6.595340634,13.55011016,176.4109195,66.50439053,33.17161474,W7984,W7984,absent,W7984
7-1201-4-29-1-16,31.00745736,3.080189481,6.491969136,13.66192614,173.9106426,68.27415113,30.67172976,W7984,W7984,absent,W7984
7-1201-4-29-1-23,30.08844073,3.039962025,6.534619324,13.373919,175.7784519,66.56355077,32.54184263,W7984,W7984,absent,W7984
7-1201-4-29-1-27,31.18248844,3.099772673,6.49733867,13.29414156,173.9106426,68.48921856,30.67021547,W7984,W7984,absent,W7984
7-1201-4-29-1-28,30.54629915,3.04372592,6.632812377,13.3716612,175.8326952,66.15279706,32.59973046,W7984,W7984,absent,W7984
7-1201-4-29-1-32,31.49587582,3.082474596,6.590528827,13.46113064,174.6314123,67.02162506,31.3979479,W7984,W7984,absent,W7984
7-1201-4-29-1-33,32.30789463,3.107709149,6.579471746,13.19625159,178.9560308,64.45301958,35.72042795,W7984,W7984,absent,W7984
7-1201-4-43-1-14,31.9496505,3.119835003,6.51124564,13.59214603,170.787307,61.15616394,27.61311839,W7984,W7984,absent,W7984
7-1201-4-47-2-19,31.13960354,3.026415557,6.55180458,13.2812009,171.2678202,69.71242439,28.03113958,W7984,W7984,absent,W7984
7-1201-4-50-1-08,37.62992396,3.33273158,6.747064806,13.24974733,173.1898728,71.24721665,29.93339726,Opata,Opata,present,Opata
7-1201-4-50-1-19,31.48744947,3.048333008,6.655244553,13.13303459,174.3911557,69.73318635,31.13972271,W7984,W7984,absent,W7984
7-1201-4-78-1-01,37.07340019,3.347953397,6.606906517,13.23445383,170.0665373,70.36618496,26.83087132,Opata,Opata,present,Opata
7-1201-4-78-2-02,36.369843,3.381873845,6.700598156,14.01980391,169.105511,73.47000259,25.85248516,Opata,Opata,present,Opata
7-1201-4-78-2-05,36.81964654,3.383458683,6.556929488,13.60106199,169.8262807,72.86267882,26.57416041,Opata,Opata,present,Opata
7-1201-4-78-2-10,35.25458353,3.333382715,6.588681903,14.00853511,169.5860241,73.63863323,26.32956388,Opata,Opata,present,Opata
7-1201-4-78-2-15,37.01806019,3.37232796,6.707129662,13.62595245,169.3457676,72.47898075,26.09859599,Opata,Opata,present,Opata
7-1201-4-78-2-25,35.74681112,3.34204404,6.636567382,13.90662044,171.0275636,68.98290678,27.79714311,Opata,Opata,present,Opata
7-1201-4-78-2-33,37.67543262,3.427797292,6.661421352,14.21285988,169.5860241,76.43450983,26.30987803,Opata,Opata,present,Opata
7-1201-4-81-1-09,38.32727294,3.430659829,6.816685277,13.54471797,172.2288465,74.99623657,28.95046822,Opata,Opata,present,Opata
7-1201-4-81-1-19,38.84440087,3.424492475,6.857195292,13.42212311,172.2288465,71.55515768,28.97469694,Opata,Opata,present,Opata
7-1201-4-81-1-21,39.73841699,3.429664698,7.110651969,12.96369266,173.1898728,68.23627261,29.9545974,Opata,Opata,present,Opata
7-1201-4-81-1-28,38.11729915,3.425241894,6.749645607,13.74483248,174.1508992,73.08994993,30.87695462,Opata,Opata,present,Opata
7-1201-4-81-1-31,38.45036741,3.417121135,6.895968464,13.16331173,172.2288465,70.69488795,28.98075413,Opata,Opata,present,Opata
7-1201-4-81-1-39,38.42718905,3.436962324,6.710370952,13.26875567,171.5080768,67.6460654,28.28482189,Opata,Opata,present,Opata
7-1201-4-81-1-42,38.71307591,3.436593757,6.97610784,14.23706934,171.7483334,76.76321282,28.45976084,Opata,Opata,present,Opata
7-1201-4-81-1-43,38.58784156,3.428952135,6.907661572,13.72179944,172.2288465,74.99623657,28.95046822,Opata,Opata,present,Opata
7-956-2-12-1-16,38.11080581,3.332358129,6.60243876,12.99270816,173.4022281,77.26526101,30.10241331,Opata,Opata,present,Opata
7-956-2-12-1-18,27.56907133,2.940878561,6.086376403,13.77669626,177.7268465,71.04050919,34.45063638,W7984,W7984,absent,W7984
7-956-2-12-1-22-06,34.8752503,3.222270849,6.368732522,13.64752409,175.144713,87.04821284,31.7701484,W7984,W7984,absent,Opata
7-956-2-12-1-22-08,35.88943337,3.247173131,6.435233722,13.8825553,176.5007196,82.40094131,33.15209672,Opata,Opata,present,Opata
7-956-2-12-1-22-11,36.94668478,3.267666969,6.615377582,13.63079459,176.5007196,85.23294784,33.13255827,Opata,Opata,present,Opata
7-956-2-12-1-22-12,37.10963704,3.252577666,6.563823674,13.81165905,176.6944348,87.60334461,33.30904541,Opata,Opata,present,Opata
7-956-2-12-1-22-14,36.38877567,3.249762268,6.610083312,14.00473506,177.0060768,80.68066507,33.66536072,Opata,Opata,present,Opata
7-956-2-12-1-35-08,32.68754997,3.127164602,6.515095157,13.72357164,172.4412018,77.57320204,29.143713,W7984,W7984,absent,W7984
7-956-2-12-1-48-12,35.82432832,3.306816437,6.463931694,12.9997667,174.8437676,72.82460199,31.56847825,Opata,Opata,present,W7984
7-956-2-12-1-53-06,33.87940078,3.206966338,6.390350276,13.93401169,178.438896,79.03714039,35.09845037,W7984,W7984,absent,Opata
7-956-2-12-1-53-09,38.57678628,3.33454496,6.756271625,12.81476014,181.5709518,86.79907214,38.16580831,Opata,Opata,present,Opata
7-956-2-12-1-69-02,38.39986711,3.374165911,6.663741957,13.74307541,173.6424847,70.68248596,30.38789583,Opata,Opata,present,Opata
7-956-2-12-1-69-03,36.64319872,3.342906379,6.398617279,13.34350409,178.8253022,68.18860428,35.56424026,Opata,Opata,present,Opata
7-956-2-12-1-69-04,39.39323484,3.42576529,6.580055509,13.59961479,177.7268465,75.12679038,34.42186477,Opata,Opata,present,Opata
7-956-2-12-1-69-07,40.19885864,3.439709407,6.704643373,13.74542825,174.1229978,72.78672347,30.85134589,Opata,Opata,present,Opata
7-956-2-12-1-69-10,39.39830111,3.421203099,6.593403785,13.30873698,174.5635673,70.20200007,31.30785041,Opata,Opata,present,Opata
7-956-2-12-1-69-12,38.87295307,3.369583873,6.5884017,13.70790315,177.4692957,69.82686888,34.20305153,Opata,Opata,present,Opata
7-956-2-12-1-69-14,39.48851102,3.432465834,6.648023805,13.87013066,174.1761369,74.84222815,30.89015502,Opata,Opata,present,Opata
7-956-2-19-1-12-01,36.63703036,3.394326526,6.682786067,13.93681236,171.4801754,71.42912013,28.23044154,Opata,Opata,present,Opata
7-956-2-19-1-12-04,35.88496204,3.344803408,6.647327574,13.7709997,170.9996623,70.6152872,27.75790571,Opata,Opata,present,Opata
7-956-2-19-1-12-06,34.82971235,3.331878992,6.619366857,13.89712383,171.720432,68.71755884,28.48866674,Opata,Opata,present,Opata
7-956-2-19-1-12-11,36.33387793,3.377434256,6.640044054,13.47096449,171.2704085,69.37634587,28.03525196,Opata,Opata,present,Opata
7-956-2-19-1-13-04,36.28105456,3.396046505,6.543104798,13.67447172,170.7594057,68.16523014,27.53602361,Opata,Opata,present,Opata
7-956-2-19-1-13-05,38.82910359,3.481185479,6.670016606,13.54128905,168.5970965,69.77213403,25.37251214,Opata,Opata,present,Opata
7-956-2-19-1-13-06,36.72968373,3.359742657,6.727528106,13.75081494,172.4412018,80.36907864,29.12402716,Opata,Opata,present,Opata
7-956-2-19-1-13-09,36.475883,3.406083812,6.59101474,13.93445952,170.9996623,69.10981518,27.76850578,Opata,Opata,present,Opata
7-956-2-19-1-13-10,36.81836125,3.418185095,6.547997312,13.76864685,170.5191491,66.36037538,27.30959861,Opata,Opata,present,Opata
7-956-2-19-1-13-15,37.40984593,3.420236785,6.635059595,13.614103,169.5581228,65.80804668,26.35695548,Opata,Opata,present,Opata
7-956-2-19-1-18-16,36.15049983,3.374465707,6.639503553,13.94266164,172.0452694,68.2379085,28.81446969,Opata,Opata,present,Opata
7-956-2-19-1-31-03,37.89503477,3.407997493,6.643228092,13.58877977,170.8829781,69.59156375,27.6480854,Opata,Opata,present,Opata
7-956-2-19-1-31-05,36.34057819,3.389817723,6.535729334,13.60753989,170.9996623,68.89474775,27.77002008,Opata,Opata,present,Opata
7-956-2-19-1-33-01,35.45755669,3.345125394,6.537594665,13.63776957,171.0766933,66.29794747,27.86364943,Opata,Opata,present,Opata
7-956-2-19-1-33-09,37.00540042,3.39215198,6.626522159,13.63360676,170.7594057,68.38029757,27.53450931,Opata,Opata,present,Opata
7-956-2-19-1-33-11,38.07636711,3.433529767,6.594304955,13.37597181,170.9996623,67.1742083,27.78213444,Opata,Opata,present,Opata
7-956-2-19-1-33-14,35.73583142,3.315698902,6.664316828,13.71533667,170.7594057,69.88576959,27.52390924,Opata,Opata,present,Opata
7-956-2-19-1-44,29.98306878,3.091192464,6.314930186,13.30012402,172.2009452,65.01497571,28.99300277,W7984,W7984,absent,W7984
7-956-2-19-1-47-01,36.73083402,3.40309842,6.587638905,13.49150813,169.5581228,66.6683164,26.3508983,Opata,Opata,present,Opata
7-956-2-19-1-47-04,35.32929141,3.361575694,6.563577992,13.54703767,172.0452694,65.75990278,28.83156583,Opata,Opata,present,Opata
7-956-2-19-1-47-09,37.97315475,3.4509507,6.622143359,13.50395336,169.3178662,69.16481026,26.09418739,Opata,Opata,present,Opata
7-956-2-19-1-54,35.34347536,3.347579946,6.634448031,13.830192,171.9606886,63.21012095,28.76657778,Opata,Opata,present,Opata
7-956-2-30-1-22-01,33.99602183,3.066673501,7.066754356,13.64191112,171.8515542,68.69951825,28.6184441,W7984,W7984,absent,W7984
7-956-2-30-1-22-02,33.00367056,3.057124589,7.062824309,13.23201577,172.2009452,65.66017801,28.98845989,W7984,W7984,absent,W7984
7-956-2-30-1-26-01,33.5304286,3.060011697,7.056525197,13.63831246,171.720432,64.84634508,28.51592406,W7984,W7984,absent,W7984
7-956-2-30-1-26-02,34.27467194,3.090295618,7.1373006,13.50444879,172.2009452,63.72457113,29.00208855,W7984,W7984,absent,W7984
7-956-2-46-1-04-01,28.19163751,2.971395908,6.364161106,12.89450832,170.038636,67.05201447,26.82646272,W7984,W7984,absent,W7984
7-956-2-46-1-07-11,29.81420205,3.005230357,6.578428748,12.9478185,169.7983794,66.53756429,26.59095195,W7984,W7984,absent,W7984
7-956-2-46-1-07-12,27.83064429,2.929930234,6.553115769,13.24444326,172.1142192,64.55902955,28.91032423,W7984,W7984,absent,W7984
7-956-2-46-1-07-13,30.77771516,3.044556455,6.617079607,12.65705813,168.8373531,64.26469614,25.65042318,W7984,W7984,absent,W7984
7-956-2-46-1-07-15,27.63530966,2.885544371,6.550198943,13.47602907,171.9606886,67.29640214,28.73780617,W7984,W7984,absent,W7984
7-956-2-46-1-11-01,26.45789583,2.91796598,6.238558045,13.22966292,171.720432,66.56688453,28.50380969,W7984,W7984,absent,W7984
7-956-2-46-1-24-02,29.27619519,2.993731067,6.448997295,13.04787576,170.7594057,63.64881409,27.56782381,W7984,W7984,absent,W7984
7-956-2-50-1-01,37.05567389,3.300280516,6.654800889,13.55540613,171.4801754,71.2140527,28.23195584,Opata,Opata,present,Opata
7-956-2-50-1-05-04,29.78877791,2.995598473,6.447627391,13.37176155,172.9217149,69.78433772,29.67682064,W7984,W7984,absent,W7984
7-956-2-50-1-05-05,30.04597002,3.001878256,6.548817418,13.64398189,172.2389847,70.78530568,28.98973567,W7984,W7984,absent,W7984
7-956-2-50-1-05-08,30.31569325,3.013080834,6.509945786,13.8189232,172.4412018,71.1211791,29.18914186,W7984,W7984,absent,W7984
7-956-2-50-1-23-11,29.52584057,3.026287424,6.452333188,13.52158903,169.5269715,69.99082549,26.29544475,W7984,W7984,absent,W7984
7-956-2-50-1-23-12,29.55851917,3.045625299,6.2336533,13.35108136,171.4801754,68.84831095,28.24861309,W7984,W7984,absent,W7984
7-956-2-50-1-23-13,31.98406676,3.10638971,6.54273786,13.52228071,170.2788925,69.93220639,27.04531623,W7984,W7984,absent,W7984
7-956-2-50-1-23-14,31.02551774,3.055539751,6.573413921,13.16694135,170.038636,68.12735162,26.81889124,W7984,W7984,absent,W7984
7-956-2-50-1-23-16,31.24605916,3.080811161,6.51189056,13.65193411,171.720432,67.85728912,28.49472392,W7984,W7984,absent,W7984
7-956-2-50-1-44-07,32.22892151,3.065361816,6.734621791,13.34366741,174.3698521,68.89360574,31.12403636,W7984,W7984,absent,W7984
7-956-2-50-1-44-08,33.27958184,3.10531531,6.786722789,13.94784594,174.3278561,69.14687747,31.07965549,W7984,W7984,absent,W7984
7-956-2-50-1-44-09,33.18097603,3.092660635,6.829229011,13.90549712,176.3070043,69.76452086,33.04643647,W7984,W7984,absent,W7984
7-956-2-50-1-44-10,33.33978567,3.09577498,6.75355628,13.4877933,174.3632544,67.06421815,31.13077122,W7984,W7984,absent,W7984
7-956-2-50-1-50,30.68349442,3.02808151,6.589803843,13.49317999,172.6814583,70.13015726,29.43525269,W7984,W7984,absent,W7984
7-956-2-50-1-54-07,38.4017657,3.399594822,6.687028277,13.89160106,171.4641238,73.33974632,28.20074871,Opata,Opata,present,Opata
7-956-2-50-1-55-02,28.21753791,2.927143298,6.496943931,13.52395256,173.4022281,68.66256376,30.16298513,W7984,W7984,absent,W7984
7-956-2-50-1-61-06,29.49685399,3.012527984,6.42095096,13.63360676,170.7594057,68.38029757,27.53450931,W7984,W7984,absent,W7984
7-956-2-50-1-61-09,30.80805881,3.072511977,6.526165539,13.59455605,169.7206868,75.19322879,26.45239343,W7984,W7984,absent,W7984
7-956-2-89-2-17-01,38.69572223,3.400063885,6.88200923,13.9877697,170.7594057,68.16523014,27.53602361,Opata,Opata,present,Opata
7-956-2-89-2-17-02,37.35931406,3.33436809,6.92851919,13.49539735,171.7979853,74.04142978,28.52669228,Opata,Opata,present,Opata
7-956-2-89-2-22-01,41.41536918,3.404387895,7.199992611,13.45690511,170.8829781,70.12256497,27.64442194,Opata,Opata,present,Opata
7-956-2-89-2-22-02,43.10046613,3.447129889,7.407293974,13.30012402,172.2009452,69.53139177,28.96120257,Opata,Opata,present,Opata
7-956-2-9-2-03-02,41.27570294,3.44128196,6.941220878,13.36049275,173.4022281,54.89824817,30.25990004,Opata,Opata,present,Opata
7-956-2-9-2-03-05,41.22483196,3.466811366,6.885617459,13.81118366,173.6424847,56.70310294,30.48632503,Opata,Opata,present,Opata
7-956-2-9-2-07-01,34.05137841,3.225940555,6.977095235,12.55984916,171.2399189,66.82838876,28.02370239,Opata,Opata,present,Opata
7-956-2-9-2-20-01,40.74941167,3.469022768,6.92514897,13.82783915,171.4801754,63.68669261,28.28495618,Opata,Opata,present,Opata
7-956-2-9-2-21-05,44.41506647,3.541483038,7.089084876,13.47838191,172.4412018,61.65821213,29.25577086,Opata,Opata,present,Opata